游戏目录,游戏,主向,明确任务,仅接触,依据与边界,源码SHA256
bridge,搭桥过河,因果与问题解决,长短比较、资源重排；一长一短板分配给宽窄河；长板可拿回重排,—,README.md；games/bridge/index.html；试出来不等于事先规划；未证明迁移,4bd23a580de130aec1f7fe2d6e961ebe599c2e70652cd9e9693d8ac9c1754088
garage,小小修车铺,因果与问题解决,条件与依赖、触屏控制、照料脚本；看故障选工具；装轮→拧紧→打气；持工具连续操作,—,README.md；games/garage/index.html；固定故障映射不是开放科学实验,a3dc54a6e6d88ab761b70b0577af59b6c1a240860da378f3ba507dc35f400f33
waterwheel,转转小水车,空间与方向,旋转连接、触屏控制；转弯管连接水源与水车,—,README.md；games/waterwheel/index.html；只有单块旋转，不等于多步路径规划,bbfef4c5548ba5c35c191c0bd4ed91152dd2fdd3fc8e80716ec3de75d1672e57
picnic,野餐分分乐,数量与逻辑,一一对应、照料脚本；先让每只兔子有一份，再分余下食物,抑制与等待,README.md；games/picnic/index.html；无总数提问；等咀嚼是系统限制，不足证自控,b008f9e1a5a5979154515c2e65a235ae72b1118a42f703ce103afa91fcc21974
beads,串串珠,数量与逻辑,分类与模式；照可见 AB 样例续接两颗珠子,—,README.md；games/beads/index.html；样例常驻，不记作主动回忆,baca7e707f8553f8fd6b7edf9a343623f9ec57ff9ef4c8e484517c5b388d9f39
bus,公交来啦,因果与问题解决,选择性注意、条件与依赖；按目的地图选择下车者；先下后上再关门出发,照料脚本,README.md；games/bus/index.html；有交通角色不等于真人协商,e27d0a2c1b22b0b44df9cc7947c5273c58d1271ae85e732ac59344653f82a862
elevator,电梯叮咚,空间与方向,位置关系、条件与依赖；比较所在楼层与目标，选上下、到站开门,—,README.md；games/elevator/index.html；目标常驻；不等于地图导航与工作记忆测试,4e22b10b5ba4df3737a192ccb778a2fea411993e6480fac2cde287e8c48239ac
road,修路喽,空间与方向,旋转连接；看缺口两侧端点，选择直路或弯路,—,README.md；games/road/index.html；两处独立连接，不计两步前瞻,eb40ca3e3c2c6e12d15f5aa30daddf654b96367014521c75b5342dbd7eb8616c
outing,出门喽,因果与问题解决,条件与依赖、照料脚本、触屏控制；看天气选用品；袜先于鞋、奶先于擦嘴,—,README.md；games/outing/index.html；穿衣惯例不自动证明新情境逻辑推理,f7a5ad0f4d758c2e0db60fc542f0a825d97e63288f5803b4c1b937661e554e4c
helper,帮帮忙,语言与交流,指令理解、主动记忆；一次听完取什么、给谁，再操作,—,README.md；games/helper/index.html；有重播与提示；提示后的成功单独记,a0f3c314a7399b77fdff520e24ca0645eb6bc8db8fe590b7b26d7ec6cbd89894
sort,分一分,数量与逻辑,分类与模式；同形物件按颜色放进对应篮子,—,README.md；games/sort/index.html；只按颜色；换一对颜色不是切换分类维度,211a6e77e0710f60d9b4de599e7278d7af10e48686a73b072515b95bff42386c
echo,跟着敲,创造与音乐,—；听示范后敲够次数；显示圆点，够数即庆祝,节奏时值、抑制与等待、数量与多少,README.md；games/echo/index.html；源码只判 hits >= pattern.length；不判间隔、强弱或过量,561af11c32511be4c0db13ea8ab4696b11f39db1845892485e18239e4e641b80
train,排排队,语言与交流,指令理解、选择性注意；每次听一个动物名称，让它上车,—,README.md；games/train/index.html；逐次点名，不要求记住整段序列,48c843aa61079adce560df8fffaf59157404e0ee3cbc88fa85defe89509afac2
basket,装一装,感知与动作,触屏控制；拖水果入篮，系统逐个播报数量,一一对应、数量与多少,README.md；games/basket/index.html；数词由系统说；没有独立数量选择,100b1ff8b560424ffcf6408871fd7fb59e245d03fd2f142d11dd20c0dc1c861d
sleep,睡觉觉,情绪与社会生活,照料脚本；盖被子，动物入睡、天亮换下一只,辨认表达情绪,README.md；games/sleep/index.html；安静画面不能证明情绪调节,6fa1818b2f5c1bcfedee5f23b2b4a8b5c7cb24576c099d48a542951274a8effd
bath,洗澡澡,情绪与社会生活,照料脚本、触屏控制；擦除泥点给动物洗澡,—,README.md；games/bath/index.html；屏幕清洁不等于真实生活自理,21dce3735ed3cc3132a10c8eddceac4ef10db4ab1bcd2264a671481750dd1753
feed,喂一喂,数量与逻辑,分类与模式、照料脚本；按固定动物食物映射选择，错食物被拒绝,—,README.md；games/feed/index.html；固定偏好配对不作为动物饮食全知识,6967982378739b2f94f4206339639017aa1ef5df5ef53f73ee838462316eb248
shapes,送回家,空间与方向,形状匹配；二选一，把相同形状送到对应洞口,—,README.md；games/shapes/index.html；不等于不同视角识形或心理旋转,683f9195dbc6160ae7e0edd51261f9a83bc42c889a7befd6f2b87440cef6ba81
storybook,谁在门后面,因果与问题解决,动作因果；敲门揭示角色，自动翻页,词义理解,README.md；games/storybook/index.html；有旁白不等于叙事表达；无延迟找回任务,d7d6b71b5f1e07aae37de539d5ea4498dafa0b034142d18389648c3225586979
scribble,画彩虹,创造与音乐,自由绘画、触屏控制；手指移动留下彩虹轨迹,—,README.md；games/scribble/index.html；自由涂画不等于照样画或实物持笔,ba23452bc2df1d66b332cdc77c36eecc3ad6cad7c8decda6613ec5549d71320e
peekaboo,躲猫猫,因果与问题解决,动作因果；掀开任一毯子揭示角色,—,README.md；games/peekaboo/index.html；不要求记住藏在哪；不作工作记忆证据,aa0db9edd490ffc88488b76de2b17358eee4cdcf5dea4c3a86b4ea0fb7ede1dd
find,找一找,语言与交流,词义理解、选择性注意；听词，从三张卡里找目标,—,README.md；games/find/index.html；能指认不等于能主动命名,63617e1e6930b64a7573bbffa408c77b47e1af66d755b6afa1b4bb09fb398d68
words,学说话,语言与交流,—；点词卡听名称，留白邀请跟说,词义理解、主动表达,README.md；games/words/index.html；无孩子发声记录；只算表达邀请,2b2f39c59da09ae4d2dd609b083e727c72a8a74278a2814d4db146d6c9f30e85
cars,车车,因果与问题解决,动作因果；点出车辆，听车名，看它开走,词义理解、视觉追踪,README.md；games/cars/index.html；命名暴露与观看，不等于词汇掌握或追踪任务,71aa8d1082e9163b78d483d391d10d95e2682dea22b0d471e435561f865e2d11
animals,动物园,语言与交流,—；点动物听名字与叫声,词义理解、听觉辨别,README.md；games/animals/index.html；听到不同声不等于辨别声音,617d6df60c92f4db5d38ca1af48bf80596c5b6f54f759096392fccab214d2b6c
tw-summon,召唤鸟鸟,因果与问题解决,动作因果；触碰召唤熟悉角色,词义理解,README.md；games/tw-summon/index.html；角色亲近是价值；不虚构独特能力收益,335dffad05f19535af7d4bc7ed8dffbf75d2ff45de5d652999df10df7c6661dc
tw-bubbles,戳泡泡（鸟）,感知与动作,视觉追踪、触屏控制；追着下落泡泡触碰,—,README.md；games/tw-bubbles/index.html；触屏追踪不代表全身协调,a26a0770ebc24df8e4a459e89c0e3b2f2fbaeb16f4ba3940cdd7a2be89660da3
tw-chorus,四鸟合唱,创造与音乐,自由音乐；自主点不同角色组合声音,听觉辨别,README.md；games/tw-chorus/index.html；多指合唱不是与真人合作,492ef445946c3f519fa3f40fc72d5fcf40aad79091422117824bad3f0567144f
tw-mood,彩色心情,因果与问题解决,动作因果；点出角色色和长音,—,README.md；games/tw-mood/index.html；名称有心情，不代表情绪辨认任务,87c515ef0338815d6fff08d6b5e50f20181b50b0c9a4cb1887892da484c2c1f4
tw-more,More More More,因果与问题解决,动作因果；点击逐个落球，累积后欢呼,数量与多少,README.md；games/tw-more/index.html；更多的视觉体验，不判多或少,b324387ba05b7c9248d3ed703e589b70b86973bf4e5150f7b3b24a31bd9b83ca
keyboard,碰碰形状,因果与问题解决,动作因果；触碰生成形状、音符与粒子,—,README.md；games/keyboard/index.html；出现形状，不要求分辨形状,d7f0b83e791df84ddb448002890cd410af4eb98324123cdb13884026f372c741
bubbles,戳泡泡,感知与动作,视觉追踪、触屏控制；追踪上浮泡泡并触碰,—,README.md；games/bubbles/index.html；没有反应速度标准，不计速度能力,af8aed13ba1cd5a7a39251cd53ae14011578e845d0d3b299eee7a655610a10c9
drums,小鼓机,创造与音乐,自由音乐；自主敲不同音色的垫子,听觉辨别,README.md；games/drums/index.html；可自由发声；不判听辨或节奏模仿,28e59dd15abb9da82f3390eeca3bbf06dcedd12de24fcb482aaa933affda86f4
cascade,变色屏,因果与问题解决,动作因果；触碰改变颜色与声音,—,README.md；games/cascade/index.html；颜色变化不等于颜色分类或情绪调节,da4f16a2c558846dcc15c6a725c3145cc58acc156ee871eecdf0e60d615f2cee
